id;profil;question_utilisateur;reformulation_normative;corpus_attendu;articles_attendus;notions_attendues;notions_ids;variables_requises;comportement_attendu;difficulte;commentaire_evaluateur;VALIDATION_EXPERT;REPONSE_SYSTEME
REF-A-01;architecte;Mon bâtiment abrite un restaurant, une salle de spectacle et des bureaux : c'est quoi comme ERP ?;Selon quels critères l'établissement est-il classé par type et par catégorie, et comment sont traités les établissements comportant plusieurs types ?;ERP;GN 1|GN 2|GN 3;type d'exploitation|catégorie|groupement d'établissements;NOT-0001|NOT-0002|NOT-0006;type_erp|effectif_public;demander_precision;2;L'effectif de chaque activité doit être connu avant toute réponse.;;
REF-A-02;architecte;Qu'est-ce qui change entre une 5e catégorie et une 1re ?;Quelles dispositions distinguent les établissements de la 5e catégorie de ceux des quatre premières catégories ?;ERP;GN 1|GN 2|CCH R. 143-19;catégorie|effectif théorique du public;NOT-0002|NOT-0003;categorie_erp;repondre;1;Question de cadrage, réponse structurelle.;;
REF-A-03;architecte;Quels textes s'appliquent exactement à mon projet ?;Quelles dispositions générales, particulières au type et, le cas échéant, du code du travail sont applicables ?;ERP|CT;GN 1|GN 2|R. 4211-1 et s.;type d'exploitation|catégorie;NOT-0001|NOT-0002;type_erp|presence_travailleurs;orienter_corpus;2;Test du réflexe de superposition ERP / code du travail.;;
REF-A-04;architecte;En réhabilitation, jusqu'où puis-je garder l'existant non conforme ?;Dans quelles conditions les dispositions sont-elles applicables aux établissements existants et quels travaux déclenchent leur application ?;ERP;GN 6|GN 7|GN 10;application aux bâtiments existants;NOT-0009;existant_ou_neuf|date_effet;demander_precision;3;Sans date de permis, aucune réponse fiable.;;
REF-A-05;architecte;Si je dépasse 28 m je passe en IGH ?;À partir de quelle hauteur du plancher bas du dernier niveau l'établissement relève-t-il du régime des immeubles de grande hauteur ?;IGH|ERP;CCH L. 146-1 et s.|arrêté du 30/12/2011;immeuble de grande hauteur;NOT-0008;hauteur_plancher_bas;repondre;2;Attention au seuil différent en habitation (50 m).;;
REF-A-06;architecte;Atténuation, aggravation, dérogation : quelle différence ?;Dans quelles conditions des atténuations sont-elles accordées, des mesures aggravantes imposées ou une dérogation sollicitée ?;ERP;GN 4|GN 5|CCH R. 143-11;dérogation|mesure compensatoire;NOT-0010|NOT-0011;type_erp|categorie_erp;repondre;2;Terminer par l'orientation vers l'avis de commission.;;
REF-A-07;architecte;Comment se calcule l'effectif de mon ERP ?;Selon quel mode de détermination l'effectif théorique du public est-il calculé ?;ERP;GN 1|GN 2|dispositions particulières au type;effectif théorique du public;NOT-0003;type_erp;demander_precision;2;Le mode de calcul dépend du type.;;
REF-A-08;architecte;Le personnel compte-t-il dans l'effectif ?;Dans quels types l'effectif du personnel s'ajoute-t-il à celui du public ?;ERP;GN 1|dispositions particulières au type;effectif théorique du public|effectif (décompte code du travail);NOT-0003|NOT-0004;type_erp;demander_precision;2;Piège classique : la règle varie selon le type.;;
REF-A-09;architecte;Les réserves et bureaux comptent-ils dans l'effectif ?;Les locaux non accessibles au public sont-ils pris en compte dans la détermination de l'effectif théorique ?;ERP|CT;GN 1|R. 4211-1 et s.;effectif théorique du public;NOT-0003;type_erp;orienter_corpus;2;Ces locaux relèvent du code du travail.;;
REF-A-10;architecte;Puis-je plafonner l'effectif par un engagement de l'exploitant ?;Selon quelles modalités un effectif déclaré est-il rendu opposable à l'exploitant et contrôlé ?;ERP;GN 1|GE 2 et s.;effectif théorique du public|registre de sécurité;NOT-0003|NOT-0093;effectif_public;repondre;3;Réponse partiellement doctrinale : avis de commission.;;
REF-A-11;architecte;Il me faut quelle largeur de voie pompier ?;Quelles caractéristiques sont exigées pour les voies utilisables par les engins de secours et les voies échelles ?;ERP;CO 2|CO 3|CO 4|CO 5;voie engin|voie échelle|espace libre;NOT-0013|NOT-0014|NOT-0015;categorie_erp|hauteur_plancher_bas;repondre;1;Item de contrôle du rappel lexical de base.;;
REF-A-12;architecte;Combien de façades accessibles il me faut ?;Quel nombre de façades accessibles l'établissement doit-il présenter et selon quelle définition sont-elles décomptées ?;ERP;CO 2|CO 3;façade accessible;NOT-0016;categorie_erp;demander_precision;2;;;
REF-A-13;architecte;Mon bâtiment est mitoyen d'un logement : quel isolement ?;Quels degrés d'isolement sont exigés vis-à-vis des tiers contigus ou superposés ?;ERP|HAB;CO 6|CO 7|CO 8|CO 9|CO 10|arr. 31/01/1986 art. 5;tiers contigu ou superposé;NOT-0007;type_erp|famille_habitation;orienter_corpus;2;Double corpus obligatoire.;;
REF-A-14;architecte;Commerce en RDC et logements au-dessus : comment on traite ?;Selon quelles modalités l'isolement est-il assuré dans un bâtiment abritant un ERP et des locaux d'habitation ?;ERP|HAB;CO 6 à CO 10|arr. 31/01/1986 art. 5;tiers contigu ou superposé|famille;NOT-0007|NOT-0005;type_erp|famille_habitation;orienter_corpus;3;;;
REF-A-15;architecte;C'est quoi la règle du C+D ?;Dans quels cas la règle du C + D s'applique-t-elle au traitement des façades ?;ERP|HAB;CO 19|CO 20|CO 21|CO 22|instruction technique n° 249;propagation du feu par les façades;NOT-0018;type_erp|famille_habitation;repondre;2;Qualifier le niveau : interprétatif (IT).;;
REF-A-16;architecte;Je peux mettre un parking en sous-sol communiquant avec l'ERP ?;À quelles conditions un parc de stationnement couvert peut-il communiquer avec l'établissement ?;ERP;CO 6 à CO 10|dispositions particulières type PS;parc de stationnement couvert|tiers contigu ou superposé;NOT-0085|NOT-0007;surface_local|niveau_local;repondre;2;;;
REF-A-17;architecte;Quelle stabilité au feu pour ma structure ?;Quel degré de stabilité au feu est exigé des éléments porteurs ?;ERP;CO 11|CO 12;stabilité au feu des structures|résistance au feu;NOT-0021|NOT-0020;categorie_erp|hauteur_plancher_bas|nb_niveaux;demander_precision;2;Test du refus de répondre sans classement.;;
REF-A-18;architecte;R, E, I, REI : ça veut dire quoi et comment lire un PV ?;Quelles sont les correspondances entre les critères R, E, I et les anciennes appellations, et quelles conditions un PV doit-il remplir ?;ERP|CT|HAB;arrêté du 22/03/2004;résistance au feu|procès-verbal de classement;NOT-0020|NOT-0022;date_effet;repondre;1;Item de correspondance lexicale pure.;;
REF-A-19;architecte;Je peux laisser ma charpente bois apparente ?;Dans quels cas des éléments de structure en bois ou en acier peuvent-ils être laissés apparents ?;ERP;CO 11|CO 12;stabilité au feu des structures|réaction au feu;NOT-0021|NOT-0023;categorie_erp|nb_niveaux;demander_precision;3;;;
REF-A-20;architecte;Comment traiter les percements dans les murs coupe-feu ?;Quelles dispositions sont exigées pour le franchissement des parois délimitant un volume protégé ?;ERP;CO 30|CO 31|CO 32|CO 33;calfeutrement de traversée|clapet coupe-feu|gaine technique;NOT-0025|NOT-0026|NOT-0027;corpus;repondre;1;;;
REF-A-21;architecte;Quels locaux sont des locaux à risques ?;Quels locaux sont classés à risques moyens ou importants et quelles exigences en découlent ?;ERP;CO 27|CO 28;local à risques particuliers;NOT-0024;nature_risque|surface_local;repondre;1;;;
REF-A-22;architecte;Comment choisir un revêtement de sol ou mural ?;Quelles exigences de réaction au feu s'appliquent aux revêtements de sol, muraux et de plafond ?;ERP;AM 1 à AM 8|arrêté du 21/11/2002;réaction au feu|procès-verbal de classement;NOT-0023|NOT-0022;type_erp|niveau_local;repondre;1;;;
REF-A-23;architecte;Et pour les faux plafonds, tentures et rideaux ?;Quelles exigences s'appliquent aux plafonds suspendus, tentures et éléments de décoration ?;ERP;AM 4|AM 1 à AM 8;plafond suspendu|réaction au feu;NOT-0028|NOT-0023;type_erp;repondre;2;;;
REF-A-24;architecte;Je peux faire une ITE avec un isolant combustible ?;Dans quelles conditions un système d'isolation thermique par l'extérieur comportant un isolant combustible est-il admis ?;ERP|HAB;instruction technique n° 249;système d'isolation thermique par l'extérieur|propagation du feu par les façades;NOT-0019|NOT-0018;type_erp|famille_habitation;repondre;3;Niveau interprétatif à signaler.;;
REF-A-25;architecte;Le mobilier et les stands sont-ils concernés ?;Le gros mobilier et les agencements sont-ils soumis à des exigences de réaction au feu et d'implantation ?;ERP;AM 15 à AM 19;réaction au feu|maintien des dégagements libres;NOT-0023|NOT-0044;type_erp;repondre;2;;;
REF-A-26;architecte;Combien de sorties et quelle largeur pour mon effectif ?;Selon quelles règles le nombre et la largeur des dégagements sont-ils déterminés ?;ERP;CO 34|CO 35|CO 36|CO 38;dégagement|unité de passage;NOT-0034|NOT-0035;effectif_public;demander_precision;1;Item pivot du jeu : effectif obligatoire.;;
REF-A-27;architecte;Dégagement normal, accessoire, de secours : quelle différence ?;Quelles sont les définitions respectives des dégagements et dans quelle mesure chacun est-il comptabilisé ?;ERP;CO 34|CO 39|CO 41;dégagement|dégagement accessoire;NOT-0034|NOT-0036;effectif_public;repondre;2;;;
REF-A-28;architecte;Quelle distance maximale jusqu'à une sortie ?;Quelle est la distance maximale à parcourir, mesurée suivant l'axe des circulations ?;ERP;CO 43;distance à parcourir|dégagement;NOT-0041|NOT-0034;type_erp|niveau_local;repondre;1;;;
REF-A-29;architecte;Mes portes doivent s'ouvrir vers l'extérieur ?;À partir de quel effectif les portes s'ouvrent-elles dans le sens de l'évacuation ?;ERP|CT;CO 45|R. 4227-1 et s.;sens d'ouverture des portes;NOT-0042;effectif_public|effectif_travailleurs;repondre;1;Double corpus attendu.;;
REF-A-30;architecte;Je peux mettre du contrôle d'accès sur les issues de secours ?;Dans quelles conditions un dispositif de contrôle d'accès peut-il équiper une porte de sortie de secours ?;ERP|CT;CO 46|R. 4227-4|R. 4227-5;verrouillage des issues|dégagement;NOT-0043|NOT-0034;corpus|effectif_public;repondre;2;Le mot « issue de secours » doit être converti.;;
REF-A-31;architecte;Mes escaliers doivent être encloisonnés ?;Quels escaliers doivent être encloisonnés, mis à l'air libre ou désenfumés ?;ERP;CO 50|CO 51|CO 52|CO 53|CO 55;escalier encloisonné|escalier à l'air libre;NOT-0038|NOT-0039;categorie_erp|nb_niveaux;demander_precision;2;;;
REF-A-32;architecte;Comment traiter un atrium sur trois niveaux ?;Selon quelles dispositions sont traités les volumes intéressant plusieurs niveaux ?;ERP;CO 24|CO 25|CO 26|instruction technique n° 263;volume libre intérieur|cloisonnement traditionnel|secteur;NOT-0032|NOT-0029|NOT-0030;type_erp|nb_niveaux;orienter_expertise;3;Relève souvent d'une ingénierie et d'un avis de commission.;;
REF-A-33;architecte;Dans quels cas j'ai droit à un escalier unique ?;Dans quels cas la desserte des niveaux par un escalier unique est-elle admise ?;ERP;CO 39|CO 40;escalier unique|dégagement;NOT-0040|NOT-0034;categorie_erp|effectif_public|nb_niveaux;demander_precision;2;;;
REF-A-34;architecte;Quels locaux dois-je désenfumer ?;Quels locaux et circulations doivent être désenfumés et à partir de quels seuils ?;ERP;DF 4|DF 5|DF 6|instruction technique n° 246;désenfumage|local sans ouverture sur l'extérieur;NOT-0048|NOT-0052;surface_local|niveau_local;repondre;1;;;
REF-A-35;architecte;Naturel ou mécanique, comment je choisis ?;Selon quels critères le désenfumage naturel ou mécanique est-il retenu et quels taux sont exigés ?;ERP;DF 4 et s.|instruction technique n° 246;désenfumage|surface utile d'évacuation des fumées|amenée d'air;NOT-0048|NOT-0050|NOT-0051;surface_local|niveau_local;repondre;2;;;
REF-A-36;architecte;Comment intégrer les exutoires sans casser l'architecture ?;Quelles règles d'implantation, de surface et de commande s'appliquent aux exutoires et amenées d'air ?;ERP;DF 4 à DF 8|instruction technique n° 246;dispositif d'évacuation naturelle de fumées et de chaleur|amenée d'air;NOT-0049|NOT-0051;surface_local;repondre;2;La partie esthétique est hors périmètre : le signaler.;;
REF-A-37;architecte;Un atrium relève d'une approche particulière ?;Dans quels cas un volume de grande hauteur relève-t-il de dispositions particulières ou d'une ingénierie du désenfumage ?;ERP;instruction technique n° 246|instruction technique n° 263;volume libre intérieur|désenfumage;NOT-0032|NOT-0048;nb_niveaux;orienter_expertise;3;;;
REF-A-38;architecte;Où mettre la chaufferie et le TGBT ?;Quelles conditions d'implantation, d'isolement et de ventilation s'appliquent aux chaufferies et locaux électriques ?;ERP;CH 5 à CH 8|EL 4 à EL 8|CO 27|CO 28;local à risques particuliers;NOT-0024;nature_risque;repondre;2;;;
REF-A-39;architecte;Quelles exigences pour l'éclairage de sécurité ?;Quelles exigences s'appliquent à l'éclairage de sécurité d'évacuation et d'ambiance ?;ERP|CT;EC 7 à EC 15|R. 4227-13|R. 4227-14;éclairage de sécurité;NOT-0065;corpus|effectif_public;repondre;1;;;
REF-A-40;architecte;Comment traiter les gaines et les ascenseurs ?;Quelles dispositions régissent les gaines techniques et les installations d'ascenseurs ?;ERP;CO 30 à CO 33|chapitre AS;gaine technique|calfeutrement de traversée;NOT-0027|NOT-0025;nb_niveaux;repondre;2;;;
REF-A-41;architecte;Photovoltaïque, batteries, bornes de recharge : quelles contraintes ?;Quelles exigences complémentaires s'appliquent aux installations photovoltaïques, stockages par batteries et IRVE ?;ERP|HAB;CCH L. 113-11 et s.;infrastructure de recharge pour véhicules électriques|local à risques particuliers;NOT-0086|NOT-0024;niveau_local|date_effet;repondre;3;Corpus en évolution rapide : vérification de version impérative.;;
REF-A-42;architecte;Quelle catégorie de SSI pour mon projet ?;Quelle catégorie de système de sécurité incendie et quel type d'équipement d'alarme sont exigés ?;ERP;MS 53 à MS 60|MS 61 à MS 67;système de sécurité incendie|équipement d'alarme;NOT-0057|NOT-0055;type_erp|categorie_erp;demander_precision;2;;;
REF-A-43;architecte;Quelle place prévoir pour la centrale SSI ?;Quelles conditions d'implantation et d'accessibilité s'appliquent au centralisateur de mise en sécurité incendie ?;ERP;MS 53 à MS 60|norme NF S 61-931;centralisateur de mise en sécurité incendie|système de sécurité incendie;NOT-0058|NOT-0057;categorie_erp;repondre;2;Renvoi normatif : référencer sans restituer.;;
REF-A-44;architecte;Quand la détection est-elle généralisée ?;Dans quels cas la détection automatique d'incendie est-elle exigée dans l'ensemble de l'établissement ?;ERP;MS 56;détection automatique d'incendie;NOT-0059;type_erp|categorie_erp;demander_precision;2;;;
REF-A-45;architecte;À partir de quand faut-il du sprinkleur ?;À partir de quels seuils un système d'extinction automatique est-il exigé ?;ERP;MS 25 à MS 30;système d'extinction automatique du type sprinkleur|référentiel assureur;NOT-0063|NOT-0076;type_erp|categorie_erp|surface_local;repondre;3;Qualifier réglementaire vs contractuel dans la réponse.;;
REF-A-46;architecte;Quels moyens de secours et quels besoins en eau ?;Quels moyens de secours sont exigés et selon quelles modalités les besoins en eau sont-ils arrêtés ?;ERP|DECI;MS 5 à MS 39|CGCT R. 2225-1 et s.|RDDECI départemental;extincteur portatif|robinet d'incendie armé|colonne sèche|défense extérieure contre l'incendie;NOT-0061|NOT-0062|NOT-0064|NOT-0017;type_erp|surface_local;orienter_corpus;2;La DECI est départementale : ne pas la chercher dans l'arrêté de 1980.;;
REF-A-47;architecte;C'est quoi un espace d'attente sécurisé ?;Quelles sont les caractéristiques exigées des espaces d'attente sécurisés ?;ERP|CT;CO 57|CO 58|CO 59|CO 60|R. 4216-2-1;espace d'attente sécurisé;NOT-0046;categorie_erp|nb_niveaux;repondre;1;;;
REF-A-48;architecte;Comment articuler évacuation différée et accessibilité ?;Quelles solutions équivalentes sont admises et selon quelles modalités l'évacuation différée est-elle organisée ?;ERP;CO 57 à CO 60;évacuation différée|espace d'attente sécurisé|consigne de sécurité incendie;NOT-0047|NOT-0046|NOT-0066;categorie_erp;repondre;2;;;
REF-A-49;architecte;Que doit contenir la notice de sécurité ?;Quelles pièces la notice descriptive de sécurité doit-elle comporter et à quel stade la commission est-elle saisie ?;ERP;GE 1 et s.|CCH R. 143-24 et s.;notice descriptive de sécurité|autorisation de travaux|commission de sécurité|coordonnateur du système de sécurité incendie;NOT-0089|NOT-0090|NOT-0091|NOT-0096;type_erp|categorie_erp;repondre;1;;;
REF-A-50;architecte;Quelles vérifications avant l'ouverture au public ?;Quelles vérifications techniques conditionnent l'autorisation d'ouverture et quelles obligations périodiques suivent ?;ERP;GE 2 à GE 10|CCH R. 143-38 et s.|CCH R. 143-34;vérifications techniques|autorisation d'ouverture au public|registre de sécurité;NOT-0094|NOT-0092|NOT-0093;type_erp|categorie_erp;repondre;1;;;
REF-E-01;dirigeant;J'ai du public au rez-de-chaussée et mes salariés à l'étage : quelles règles ?;Selon quelles modalités le code du travail s'applique-t-il concurremment au règlement ERP ?;CT|ERP;R. 4211-1 et s.|GN 1;application aux bâtiments existants|type d'exploitation;NOT-0009|NOT-0001;presence_public|presence_travailleurs;orienter_corpus;2;Item pivot de la superposition de corpus.;;
REF-E-02;dirigeant;Je suis locataire : qui est responsable, moi ou le bailleur ?;Selon quelle répartition s'exercent les obligations du maître d'ouvrage et celles de l'employeur ?;CT;R. 4211-1 et s.|L. 4121-1;application aux bâtiments existants;NOT-0009;qualite_demandeur;repondre;2;Le bail ne modifie pas l'obligation légale de l'employeur.;;
REF-E-03;dirigeant;Qu'est-ce qui pèse sur le maître d'ouvrage et qu'est-ce qui pèse sur moi ?;Quelles obligations incombent au maître d'ouvrage et à compter de quand l'employeur est-il seul débiteur ?;CT;R. 4211-1 et s.|L. 4121-1;application aux bâtiments existants;NOT-0009;stade|qualite_demandeur;repondre;2;;;
REF-E-04;dirigeant;Si un salarié est blessé dans un incendie, je risque quoi ?;Quels manquements sont susceptibles d'engager la responsabilité pénale de l'employeur ?;CT;L. 4741-1|L. 4121-1;mise en demeure;NOT-0077;qualite_demandeur;repondre;3;Réponse à borner : le système documente, il ne qualifie pas une infraction.;;
REF-E-05;dirigeant;L'inspection du travail peut-elle arrêter mon activité ?;Dans quelles conditions l'agent de contrôle peut-il mettre en demeure ou ordonner l'arrêt temporaire de l'activité ?;CT;L. 4721-1|L. 4731-1|L. 4732-1;mise en demeure;NOT-0077;;repondre;1;;;
REF-E-06;dirigeant;Mes locaux datent de 1985, dois-je tout refaire ?;Les dispositions relatives à la conception des lieux de travail sont-elles applicables aux bâtiments antérieurs ?;CT;R. 4211-1 et s.;application aux bâtiments existants;NOT-0009;date_effet|existant_ou_neuf;demander_precision;3;;;
REF-E-07;dirigeant;Comment je compte mes effectifs ? Les intérimaires comptent ?;Selon quelles modalités l'effectif est-il décompté et quels seuils déclenchent quelles obligations ?;CT;L. 1111-2|L. 1111-3|R. 4227-34|R. 4227-37;effectif (décompte code du travail);NOT-0004;effectif_travailleurs;repondre;1;;;
REF-E-08;dirigeant;Le risque incendie doit-il figurer dans mon document unique ?;Selon quelles modalités le risque d'incendie est-il transcrit dans le DUERP ?;CT;L. 4121-3|L. 4121-3-1;document unique d'évaluation des risques professionnels;NOT-0067;;repondre;1;;;
REF-E-09;dirigeant;Qu'est-ce qui change au-dessus de 50 salariés ?;Quelles obligations sont subordonnées à la réunion habituelle de plus de cinquante personnes ?;CT;R. 4227-34|R. 4227-37|R. 4216-6 et s.;effectif (décompte code du travail)|équipement d'alarme|consigne de sécurité incendie;NOT-0004|NOT-0055|NOT-0066;effectif_travailleurs;repondre;1;;;
REF-E-10;dirigeant;Comment gérer le travail isolé et les horaires de nuit ?;Quelles mesures l'employeur prend-il pour assurer la perception de l'alarme et l'évacuation des travailleurs isolés ?;CT;L. 4121-1|R. 4227-34 à R. 4227-36;équipement d'alarme|document unique d'évaluation des risques professionnels;NOT-0055|NOT-0067;effectif_travailleurs;repondre;2;;;
REF-E-11;dirigeant;Dois-je consulter le CSE sur l'incendie ?;Sur quels projets le comité social et économique est-il consulté ?;CT;L. 2312-8|L. 2312-9|L. 2312-27;consultation du comité social et économique;NOT-0079;effectif_travailleurs;repondre;1;;;
REF-E-12;dirigeant;Combien de sorties pour mon atelier ?;Selon quelles règles le nombre, la largeur et la répartition des dégagements sont-ils déterminés ?;CT;R. 4216-6 et s.|R. 4227-1 et s.;dégagement|unité de passage;NOT-0034|NOT-0035;effectif_travailleurs|surface_local;demander_precision;1;;;
REF-E-13;dirigeant;Mes portes doivent-elles s'ouvrir vers l'extérieur ?;À partir de quel effectif les portes s'ouvrent-elles dans le sens de la sortie ?;CT;R. 4227-1 et s.;sens d'ouverture des portes;NOT-0042;effectif_travailleurs;repondre;1;;;
REF-E-14;dirigeant;Quelle distance maximale jusqu'à une sortie pour mes salariés ?;Quelle distance maximale un travailleur peut-il avoir à parcourir depuis son poste ?;CT;R. 4216-6 et s.;distance à parcourir|dégagement;NOT-0041|NOT-0034;niveau_local;repondre;2;;;
REF-E-15;dirigeant;J'ai des postes en sous-sol et une mezzanine de stockage.;Quelles dispositions particulières s'appliquent aux locaux en sous-sol et aux niveaux partiels ?;CT;R. 4216-6 et s.|R. 4216-13;dégagement|local sans ouverture sur l'extérieur|désenfumage;NOT-0034|NOT-0052|NOT-0048;niveau_local|surface_local;repondre;2;;;
REF-E-16;dirigeant;Je peux verrouiller mes issues contre le vol ?;Dans quelles conditions un dispositif de condamnation peut-il équiper une issue de secours ?;CT;R. 4227-4|R. 4227-5;verrouillage des issues|maintien des dégagements libres;NOT-0043|NOT-0044;;repondre;1;Conversion lexicale « issue de secours » -> dégagement.;;
REF-E-17;dirigeant;On stocke dans les couloirs en période de pointe, c'est grave ?;Quelles obligations pèsent sur l'employeur quant au maintien des dégagements libres ?;CT;R. 4227-4|R. 4227-11;maintien des dégagements libres|dégagement;NOT-0044|NOT-0034;;repondre;1;;;
REF-E-18;dirigeant;Faut-il un point de rassemblement matérialisé ?;L'obligation d'évacuation vers un lieu sûr implique-t-elle la désignation d'un point de rassemblement ?;CT;R. 4227-1|R. 4227-37;lieu sûr|consigne de sécurité incendie;NOT-0045|NOT-0066;;signaler_non_reglementaire;2;Le terme n'est pas réglementaire : la réponse doit le dire.;;
REF-E-19;dirigeant;Comment évacuer un salarié en fauteuil ?;Quelles dispositions régissent l'évacuation ou la mise à l'abri préalable des travailleurs handicapés ?;CT;R. 4216-2-1|R. 4214-26|R. 4214-27|R. 4214-28;espace d'attente sécurisé|évacuation différée;NOT-0046|NOT-0047;nb_niveaux;repondre;2;;;
REF-E-20;dirigeant;Mes locaux doivent-ils être recoupés coupe-feu ?;Selon quels critères les locaux sont-ils isolés ou recoupés par des parois résistant au feu ?;CT;R. 4216-1 et s.|arrêté du 05/08/1992;résistance au feu|local à risques particuliers;NOT-0020|NOT-0024;surface_local|nature_risque;demander_precision;2;Conversion « coupe-feu » -> EI/REI.;;
REF-E-21;dirigeant;Qu'est-ce qui est un local à risque chez moi ?;Quels locaux sont regardés comme présentant des risques particuliers d'incendie ou d'explosion ?;CT;R. 4216-1 et s.|R. 4227-22 et s.;local à risques particuliers|matières inflammables;NOT-0024|NOT-0075;nature_risque;repondre;1;Attention au faux ami avec la notion ERP.;;
REF-E-22;dirigeant;Le désenfumage est-il obligatoire chez moi ?;Quels locaux et escaliers doivent être désenfumés et à partir de quels seuils ?;CT;R. 4216-13|R. 4216-14|R. 4216-15|arrêté du 05/08/1992;désenfumage|local sans ouverture sur l'extérieur;NOT-0048|NOT-0052;surface_local|niveau_local;demander_precision;2;;;
REF-E-23;dirigeant;Mes cloisons de bureaux ont-elles un classement à respecter ?;Quelles exigences de réaction au feu s'appliquent aux revêtements et cloisons des locaux de travail ?;CT;R. 4216-1 et s.|arrêté du 21/11/2002;réaction au feu|plafond suspendu;NOT-0023|NOT-0028;;repondre;2;;;
REF-E-24;dirigeant;Ma charpente métallique n'est pas protégée, c'est un problème ?;Un degré de stabilité au feu est-il exigé des éléments porteurs au titre du code du travail ?;CT|ICPE;R. 4216-1 et s.;stabilité au feu des structures|installation classée pour la protection de l'environnement;NOT-0021|NOT-0012;nature_risque;orienter_corpus;3;Souvent l'exigence procède de l'ICPE ou de l'assurance, pas du code du travail.;;
REF-E-25;dirigeant;Mon plénum traverse tout l'étage, faut-il le recouper ?;Les plénums et vides techniques sont-ils recoupés pour s'opposer à la propagation ?;CT;R. 4216-1 et s.;plafond suspendu|calfeutrement de traversée;NOT-0028|NOT-0025;surface_local;repondre;2;;;
REF-E-26;dirigeant;Combien de bidons de solvant puis-je garder à l'atelier ?;Quelles quantités de matières inflammables peuvent être détenues dans un local de travail ?;CT;R. 4227-20 à R. 4227-27;matières inflammables|local à risques particuliers;NOT-0075|NOT-0024;nature_risque;repondre;1;;;
REF-E-27;dirigeant;Mes stockages me font-ils basculer en ICPE ?;À partir de quels seuils les stockages relèvent-ils de la nomenclature ICPE et comment les régimes s'articulent-ils ?;CT|ICPE;Code de l'environnement L. 511-1 et s.|nomenclature ICPE;installation classée pour la protection de l'environnement|matières inflammables;NOT-0012|NOT-0075;nature_risque|surface_local;orienter_corpus;3;;;
REF-E-28;dirigeant;Ai-je des zones ATEX ?;Selon quelles modalités l'employeur subdivise-t-il en zones les emplacements où des atmosphères explosives peuvent se présenter ?;CT;R. 4227-42 et s.;atmosphère explosive;NOT-0068;nature_risque;repondre;2;;;
REF-E-29;dirigeant;Le document ATEX est-il obligatoire chez moi ?;Dans quels cas le document relatif à la protection contre les explosions est-il établi ?;CT;R. 4227-42 et s.;document relatif à la protection contre les explosions|atmosphère explosive;NOT-0069|NOT-0068;nature_risque;repondre;1;;;
REF-E-30;dirigeant;Quelles règles pour mon local de charge de chariots ?;Quelles exigences de ventilation, d'isolement et d'installations électriques s'appliquent aux locaux de charge ?;CT;R. 4227-22 et s.;local de charge d'accumulateurs|local à risques particuliers;NOT-0074|NOT-0024;nature_risque;repondre;2;;;
REF-E-31;dirigeant;Je peux stocker des palettes le long de ma façade ?;Quelles dispositions régissent l'entreposage de matières combustibles à proximité des façades et des issues ?;CT|ICPE;R. 4227-4|R. 4227-20 et s.;maintien des dégagements libres|matières inflammables;NOT-0044|NOT-0075;nature_risque;repondre;2;Souvent traité par l'arrêté préfectoral ICPE.;;
REF-E-32;dirigeant;Un prestataire vient souder : il faut un permis de feu ?;Les travaux par points chauds figurent-ils au nombre des travaux dangereux soumis à plan de prévention écrit ?;CT;R. 4512-6|R. 4512-7|arrêté du 19/03/1993;travaux par point chaud;NOT-0070;;repondre;1;Conversion : le terme réglementaire est le plan de prévention.;;
REF-E-33;dirigeant;Combien d'extincteurs et où ?;Selon quelles règles le nombre, la nature et l'implantation des extincteurs sont-ils déterminés ?;CT;R. 4227-28|R. 4227-29;extincteur portatif;NOT-0061;surface_local|nature_risque;repondre;1;;;
REF-E-34;dirigeant;Des RIA ou du sprinkleur sont-ils obligatoires ?;Dans quels cas des RIA ou installations fixes d'extinction sont-ils exigés lorsque la nature des risques le justifie ?;CT;R. 4227-30;robinet d'incendie armé|système d'extinction automatique du type sprinkleur|référentiel assureur;NOT-0062|NOT-0063|NOT-0076;nature_risque;repondre;2;;;
REF-E-35;dirigeant;C'est la loi ou c'est mon assureur qui l'exige ?;Quelles exigences procèdent de la réglementation et quelles autres de stipulations contractuelles ?;CT;R. 4227-30;référentiel assureur;NOT-0076;;signaler_non_reglementaire;2;Item central de qualification du niveau de normativité.;;
REF-E-36;dirigeant;Mon alarme est-elle audible partout, y compris dans l'atelier bruyant ?;Le système d'alarme sonore est-il audible en tout point pendant le temps nécessaire à l'évacuation ?;CT;R. 4227-34|R. 4227-35|R. 4227-36;équipement d'alarme;NOT-0055;effectif_travailleurs;repondre;2;;;
REF-E-37;dirigeant;Faut-il de la détection automatique chez moi ?;Dans quels cas la détection automatique d'incendie est-elle requise ?;CT;R. 4227-30;détection automatique d'incendie;NOT-0059;nature_risque;repondre;2;;;
REF-E-38;dirigeant;Dois-je transmettre l'alarme aux pompiers ?;L'employeur est-il tenu d'assurer la transmission de l'alarme aux services de secours extérieurs ?;CT;R. 4227-37;alerte|équipement d'alarme;NOT-0056|NOT-0055;;repondre;2;Distinction alarme / alerte à opérer explicitement.;;
REF-E-39;dirigeant;Quels affichages sont obligatoires ?;Quels documents sont affichés dans l'établissement et selon quelles exigences de signalisation ?;CT;R. 4227-37|R. 4227-38|arrêté du 04/11/1993;consigne de sécurité incendie;NOT-0066;;repondre;1;;;
REF-E-40;dirigeant;Que doit contenir ma consigne incendie ?;Quelles mentions la consigne de sécurité incendie comporte-t-elle obligatoirement ?;CT;R. 4227-37|R. 4227-38;consigne de sécurité incendie;NOT-0066;;repondre;1;;;
REF-E-41;dirigeant;Dois-je nommer des guides-files et serre-files ?;Selon quelles modalités sont désignés les travailleurs chargés de la mise en œuvre des moyens de premiers secours et de l'évacuation ?;CT;R. 4227-38;travailleurs chargés de la mise en œuvre des moyens de premiers secours;NOT-0071;effectif_travailleurs;signaler_non_reglementaire;2;Les termes guide-file / serre-file ne figurent pas dans le code.;;
REF-E-42;dirigeant;Quelle formation incendie est obligatoire ?;Quelle formation à la sécurité relative au comportement en cas d'incendie l'employeur dispense-t-il ?;CT;L. 4141-2|R. 4141-3|R. 4141-3-1;formation à la sécurité;NOT-0073;;repondre;1;;;
REF-E-43;dirigeant;L'exercice d'évacuation tous les six mois s'applique à moi ?;Selon quelle périodicité les essais et exercices d'évacuation sont-ils organisés et tracés ?;CT;R. 4227-39;essais et exercices périodiques|registres et documents de santé et sécurité;NOT-0072|NOT-0078;;repondre;1;;;
REF-E-44;dirigeant;Comment intégrer les intérimaires et les nouveaux ?;Quelle formation renforcée est dispensée aux salariés temporaires affectés à des postes à risques particuliers ?;CT;L. 4154-2|R. 4141-3-1;formation à la sécurité|effectif (décompte code du travail);NOT-0073|NOT-0004;;repondre;2;;;
REF-E-45;dirigeant;Y a-t-il un lien entre mes SST et mon organisation incendie ?;Selon quelles modalités l'organisation des secours d'urgence est-elle articulée avec la lutte contre l'incendie ?;CT;R. 4224-14 à R. 4224-16|R. 4227-38;travailleurs chargés de la mise en œuvre des moyens de premiers secours;NOT-0071;;repondre;2;;;
REF-E-46;dirigeant;Quelles vérifications périodiques dois-je faire faire ?;Quelles installations font l'objet de vérifications périodiques et par quelles personnes qualifiées ?;CT;R. 4224-17|R. 4226-14 et s.;vérifications techniques|rapport de vérification réglementaire;NOT-0094|NOT-0095;;repondre;1;;;
REF-E-47;dirigeant;Le registre de sécurité est-il obligatoire hors ERP ?;Quels registres et documents l'employeur tient-il à la disposition de l'agent de contrôle ?;CT;L. 4711-1 et s.;registres et documents de santé et sécurité|registre de sécurité;NOT-0078|NOT-0093;;orienter_corpus;2;Faux ami : le registre de sécurité ERP a un fondement distinct.;;
REF-E-48;dirigeant;Que se passe-t-il si je ne lève pas les réserves du rapport ?;Quelles conséquences s'attachent à l'absence de suite donnée aux observations d'un rapport de vérification ?;CT;L. 4121-1|R. 4224-17;rapport de vérification réglementaire|vérifications techniques;NOT-0095|NOT-0094;;repondre;3;Réponse à borner : effets sur la faute et sur la garantie.;;
REF-E-49;dirigeant;Je réaménage mes plateaux, dois-je refaire une analyse ?;À l'occasion de quelles modifications l'employeur procède-t-il à une nouvelle évaluation des risques ?;CT;L. 4121-3;document unique d'évaluation des risques professionnels|dégagement|désenfumage;NOT-0067|NOT-0034|NOT-0048;existant_ou_neuf;repondre;2;;;
REF-E-50;dirigeant;Que dois-je pouvoir montrer en cas de contrôle ?;Quels éléments l'employeur doit-il produire pour justifier de l'exécution de ses obligations et pendant quelles durées ?;CT;L. 4711-1 et s.|R. 4224-17;registres et documents de santé et sécurité|vérifications techniques;NOT-0078|NOT-0094;;repondre;2;Intention de type « que dois-je pouvoir prouver » : format de réponse spécifique.;;
REF-G-01;gestionnaire;Mon immeuble est en quelle famille ?;Selon quels critères les bâtiments d'habitation sont-ils classés en familles ?;HAB;arr. 31/01/1986 art. 3;famille;NOT-0005;nb_niveaux|hauteur_plancher_bas;demander_precision;1;Item pivot : sans famille, rien n'est calculable.;;
REF-G-02;gestionnaire;Quel texte s'applique à un immeuble de 1972 ?;Quelles dispositions sont applicables au regard de la date de délivrance du permis de construire ?;HAB;arr. 31/01/1986|arrêté du 10/09/1970;application aux bâtiments existants|famille;NOT-0009|NOT-0005;date_effet;demander_precision;3;;;
REF-G-03;gestionnaire;Dois-je mettre mon parc ancien aux normes actuelles ?;Les dispositions sont-elles applicables aux bâtiments achevés antérieurement et quels travaux les rendent applicables ?;HAB;arr. 31/01/1986 — dispositions transitoires;application aux bâtiments existants;NOT-0009;date_effet|existant_ou_neuf;repondre;3;;;
REF-G-04;gestionnaire;À partir de quelle hauteur je bascule en IGH ?;À partir de quelle hauteur un bâtiment d'habitation relève-t-il du régime des immeubles de grande hauteur ?;IGH|HAB;CCH L. 146-1 et s.|arrêté du 30/12/2011;immeuble de grande hauteur;NOT-0008;hauteur_plancher_bas;repondre;1;Seuil de 50 m en habitation, à ne pas confondre avec 28 m.;;
REF-G-05;gestionnaire;J'ai une crèche en pied d'immeuble : qui fait quoi ?;Quels degrés d'isolement sont exigés entre logements et ERP et selon quelle répartition des obligations ?;HAB|ERP;arr. 31/01/1986 art. 5|CO 6 à CO 10;tiers contigu ou superposé|type d'exploitation;NOT-0007|NOT-0001;famille_habitation|type_erp;orienter_corpus;2;;;
REF-G-06;gestionnaire;Je transforme des bureaux en logements : quel référentiel ?;Quel référentiel est applicable au changement de destination et emporte-t-il mise en conformité de l'existant ?;HAB;arr. 31/01/1986|CCH R. 142-1 et s.;application aux bâtiments existants|famille;NOT-0009|NOT-0005;date_effet|existant_ou_neuf;repondre;3;;;
REF-G-07;gestionnaire;Quel coupe-feu pour mes planchers ? Je n'ai aucun PV.;Quels degrés de résistance au feu sont exigés des planchers et parois séparatives et comment l'apprécier sans PV d'origine ?;HAB;arr. 31/01/1986 art. 7 et s.;résistance au feu|procès-verbal de classement|famille;NOT-0020|NOT-0022|NOT-0005;famille_habitation;demander_precision;3;Conversion « coupe-feu » + variable famille manquante.;;
REF-G-08;gestionnaire;Un locataire a changé sa porte palière, c'est un problème ?;À partir de quelle famille les blocs-portes paliers présentent-ils un degré pare-flamme déterminé ?;HAB;arr. 31/01/1986 art. 11|arr. 31/01/1986 art. 27;bloc-porte palier|résistance au feu;NOT-0033|NOT-0020;famille_habitation;repondre;2;;;
REF-G-09;gestionnaire;La fibre a percé mes gaines partout, que faire ?;Quelles règles de recoupement s'appliquent aux gaines et trémies et comment vérifier l'intégrité des calfeutrements ?;HAB;arr. 31/01/1986 art. 25 et s.;gaine technique|calfeutrement de traversée;NOT-0027|NOT-0025;famille_habitation;repondre;2;Défaut le plus fréquent en patrimoine.;;
REF-G-10;gestionnaire;Je fais une ITE : quelles règles incendie ?;Quelles exigences relatives à la propagation par les façades s'appliquent à un ITE comportant un isolant combustible ?;HAB;instruction technique n° 249;système d'isolation thermique par l'extérieur|propagation du feu par les façades;NOT-0019|NOT-0018;famille_habitation;repondre;3;;;
REF-G-11;gestionnaire;Les locataires ferment leurs loggias, je peux l'interdire ?;La fermeture d'une loggia est-elle de nature à modifier le comportement au feu de la façade ?;HAB;instruction technique n° 249|loi n° 89-462 art. 7;propagation du feu par les façades|obligation de souffrir les travaux;NOT-0018|NOT-0082;famille_habitation;orienter_corpus;3;Réponse technique + fondement contractuel.;;
REF-G-12;gestionnaire;J'installe du photovoltaïque en toiture : quelles précautions ?;Quelles exigences s'appliquent aux installations photovoltaïques équipant un bâtiment d'habitation ?;HAB;arr. 31/01/1986|guides et avis techniques;local à risques particuliers;NOT-0024;famille_habitation|date_effet;orienter_expertise;3;Corpus incomplet : orienter vers avis SDIS et assureur.;;
REF-G-13;gestionnaire;Mes caves sont encombrées, quel isolement exigé ?;Quels degrés d'isolement sont exigés entre les caves et les escaliers et quelles obligations quant aux dépôts ?;HAB;arr. 31/01/1986|règlement sanitaire départemental;maintien des dégagements libres|règlement sanitaire départemental;NOT-0044|NOT-0088;famille_habitation;repondre;2;;;
REF-G-14;gestionnaire;Un seul escalier, c'est admis ?;Dans quels cas la desserte des logements par un escalier unique est-elle admise et quelle distance maximale s'applique ?;HAB;arr. 31/01/1986 art. 27 et s.|arr. 31/01/1986 art. 12;escalier unique|distance à parcourir;NOT-0040|NOT-0041;famille_habitation;demander_precision;2;;;
REF-G-15;gestionnaire;Mon escalier n'est ni encloisonné ni à l'air libre, que faire ?;Selon la famille, l'escalier est-il à l'air libre, encloisonné ou désenfumé, et quelles mesures compensatoires envisager ?;HAB;arr. 31/01/1986 art. 27 et s.;escalier encloisonné|escalier à l'air libre|mesure compensatoire;NOT-0038|NOT-0039|NOT-0011;famille_habitation;orienter_expertise;3;;;
REF-G-16;gestionnaire;Les halls sont pleins de poussettes et de vélos, que puis-je faire ?;Quelles obligations pèsent sur le propriétaire quant au maintien des circulations communes libres de tout dépôt ?;HAB;arr. 31/01/1986|règlement sanitaire départemental|loi n° 89-462;maintien des dégagements libres|règlement sanitaire départemental|circulation horizontale;NOT-0044|NOT-0088|NOT-0037;;orienter_corpus;2;Le fondement n'est pas constructif mais sanitaire et contractuel.;;
REF-G-17;gestionnaire;Mes portes de hall sont verrouillées : les pompiers peuvent-ils entrer ?;Quels dispositifs de contrôle d'accès peuvent équiper les parties communes sans faire obstacle à l'intervention des secours ?;HAB;arr. 31/01/1986|dispositions départementales;verrouillage des issues|pouvoirs de police du maire;NOT-0043|NOT-0087;famille_habitation;repondre;2;Le dispositif d'accès pompiers relève souvent d'une doctrine départementale.;;
REF-G-18;gestionnaire;Dois-je dire aux locataires de rester chez eux ou d'évacuer ?;Quelles consignes doivent être portées à la connaissance des occupants selon le lieu du sinistre ?;HAB;arr. 31/01/1986;consigne de sécurité incendie|famille;NOT-0066|NOT-0005;famille_habitation;repondre;2;La doctrine du maintien dans le logement dépend du niveau de compartimentage réel.;;
REF-G-19;gestionnaire;Puis-je recenser mes locataires handicapés pour les pompiers ?;Selon quelles modalités la présence d'occupants à mobilité réduite peut-elle être portée à la connaissance des secours ?;HAB|RGPD;RGPD|CCH;évacuation différée;NOT-0047;;orienter_expertise;3;Question mixte sécurité / données personnelles : hors corpus incendie.;;
REF-G-20;gestionnaire;Le désenfumage des circulations est-il obligatoire ?;À partir de quelle famille le désenfumage des circulations communes et des escaliers est-il exigé ?;HAB;arr. 31/01/1986 art. 30 et s.;désenfumage|circulation horizontale|famille;NOT-0048|NOT-0037|NOT-0005;famille_habitation;demander_precision;2;;;
REF-G-21;gestionnaire;À quelle fréquence vérifier les exutoires ?;Selon quelles périodicités les dispositifs d'évacuation de fumées et leurs commandes sont-ils vérifiés ?;HAB;arr. 31/01/1986|contrats de maintenance;dispositif d'évacuation naturelle de fumées et de chaleur|vérifications techniques;NOT-0049|NOT-0094;famille_habitation;repondre;2;Périodicité peu normée en habitation : le signaler.;;
REF-G-22;gestionnaire;Ma VMC gaz, quel contrôle et à quelle fréquence ?;Quel dispositif de sécurité équipe une VMC desservant des appareils à gaz et selon quelle périodicité est-il contrôlé ?;HAB;arrêté du 23/02/2018;dispositif de sécurité collective (VMC gaz)|vérifications techniques;NOT-0053|NOT-0094;;repondre;2;;;
REF-G-23;gestionnaire;Le ramonage, c'est moi ou le locataire ?;Selon quelle répartition les obligations d'entretien et de ramonage incombent-elles au propriétaire et à l'occupant ?;HAB;décret n° 87-712|règlement sanitaire départemental;conduit de fumée|charges locatives récupérables;NOT-0054|NOT-0081;qualite_demandeur;orienter_corpus;2;Réponse hors CCH.;;
REF-G-24;gestionnaire;Comment savoir si mes clapets existent encore ?;Quelles exigences s'appliquent aux dispositifs d'obturation des traversées et comment établir leur état ?;HAB;arr. 31/01/1986 art. 25 et s.;clapet coupe-feu|calfeutrement de traversée|gaine technique;NOT-0026|NOT-0025|NOT-0027;famille_habitation;repondre;3;;;
REF-G-25;gestionnaire;Qui installe et qui entretient les détecteurs de fumée ?;Selon quelles modalités le propriétaire équipe-t-il chaque logement d'un détecteur de fumée normalisé ?;HAB;CCH L. 142-2 et s.|arrêté du 05/02/2013|décret n° 2011-36;détecteur de fumée normalisé;NOT-0060;qualite_demandeur;repondre;1;Item pivot du corpus habitation.;;
REF-G-26;gestionnaire;Un locataire a débranché son détecteur, que faire ?;Quelles suites peuvent être données à la mise hors service d'un détecteur par l'occupant ?;HAB;CCH L. 142-2 et s.|loi n° 89-462 art. 7;détecteur de fumée normalisé|obligation de souffrir les travaux;NOT-0060|NOT-0082;qualite_demandeur;repondre;2;;;
REF-G-27;gestionnaire;Faut-il une alarme incendie collective dans mon immeuble ?;Un équipement d'alarme collective est-il exigé dans les bâtiments d'habitation ?;HAB;—;équipement d'alarme|famille;NOT-0055|NOT-0005;famille_habitation;signaler_absence;2;Réponse d'absence attendue, sauf régimes particuliers (type J, type O).;;
REF-G-28;gestionnaire;À partir de quand faut-il des colonnes sèches ?;À partir de quelle famille les bâtiments sont-ils équipés de colonnes sèches et selon quelles vérifications ?;HAB;arr. 31/01/1986 art. 98;colonne sèche|famille;NOT-0064|NOT-0005;famille_habitation|hauteur_plancher_bas;repondre;2;;;
REF-G-29;gestionnaire;Dois-je mettre des extincteurs dans les parties communes ?;La présence d'extincteurs en parties communes procède-t-elle d'une obligation réglementaire ?;HAB;—;extincteur portatif|référentiel assureur;NOT-0061|NOT-0076;;signaler_absence;2;Item d'absence : la réponse doit renvoyer au contrat d'assurance.;;
REF-G-30;gestionnaire;L'éclairage de sécurité est-il obligatoire dans mes circulations ?;Dans quels cas un éclairage de sécurité équipe-t-il les circulations communes et les escaliers ?;HAB;arr. 31/01/1986 art. 36;éclairage de sécurité|circulation horizontale;NOT-0065|NOT-0037;famille_habitation;demander_precision;2;;;
REF-G-31;gestionnaire;Quelles règles pour mon parking en sous-sol ?;Quelles dispositions régissent les parcs de stationnement couverts liés aux bâtiments d'habitation ?;HAB|ICPE;arr. 31/01/1986 art. 77 et s.|nomenclature ICPE rubrique 2935;parc de stationnement couvert;NOT-0085;surface_local|niveau_local;repondre;2;;;
REF-G-32;gestionnaire;J'installe des bornes de recharge au sous-sol : quelles contraintes ?;Quelles obligations de pré-équipement et prescriptions techniques s'appliquent aux IRVE en parc couvert ?;HAB;CCH L. 113-11 et s.|CCH R. 113-x;infrastructure de recharge pour véhicules électriques|parc de stationnement couvert;NOT-0086|NOT-0085;niveau_local|date_effet;repondre;3;Vérification de version impérative.;;
REF-G-33;gestionnaire;Puis-je interdire les voitures électriques au sous-sol ?;Les restrictions au stationnement de véhicules électriques en infrastructure souterraine sont-elles opposables ?;HAB;—;infrastructure de recharge pour véhicules électriques|référentiel assureur;NOT-0086|NOT-0076;;signaler_non_reglementaire;3;Aucune interdiction réglementaire générale : distinguer préconisation et opposabilité.;;
REF-G-34;gestionnaire;Puis-je interdire la charge des trottinettes dans les logements ?;Quelles prescriptions peuvent régir la charge d'engins électriques dans les logements et locaux communs ?;HAB;règlement sanitaire départemental|loi n° 89-462 art. 4;règlement sanitaire départemental|logement décent;NOT-0088|NOT-0080;;orienter_corpus;3;Réponse contractuelle et sanitaire, non constructive.;;
REF-G-35;gestionnaire;Mes locaux poubelles brûlent régulièrement, quelles exigences ?;Quelles exigences d'isolement et de ventilation s'appliquent aux locaux d'ordures ménagères ?;HAB;arr. 31/01/1986 art. 78 et s.|règlement sanitaire départemental;local d'entreposage des ordures ménagères;NOT-0084;famille_habitation;repondre;2;;;
REF-G-36;gestionnaire;Un défaut de compartimentage rend-il le logement indécent ?;Dans quelle mesure l'obligation de délivrer un logement décent s'étend-elle aux caractéristiques de protection contre l'incendie ?;HAB;loi n° 89-462 art. 6|décret n° 2002-120;logement décent|résistance au feu;NOT-0080|NOT-0020;;orienter_corpus;3;Réponse hors CCH construction.;;
REF-G-37;gestionnaire;Quelles clauses incendie puis-je mettre au bail ?;Quelles stipulations peuvent être régulièrement insérées au contrat de location et lesquelles sont réputées non écrites ?;HAB;loi n° 89-462 art. 4;logement décent|obligation de souffrir les travaux;NOT-0080|NOT-0082;;orienter_corpus;2;;;
REF-G-38;gestionnaire;Puis-je refacturer l'entretien des détecteurs et du désenfumage ?;Quelles dépenses d'entretien des équipements de sécurité figurent au nombre des charges récupérables ?;HAB;décret n° 87-713;charges locatives récupérables|détecteur de fumée normalisé|désenfumage;NOT-0081|NOT-0060|NOT-0048;;orienter_corpus;2;;;
REF-G-39;gestionnaire;Le locataire refuse l'accès pour la vérification, que faire ?;Selon quelles modalités le bailleur peut-il obtenir l'accès au logement pour les travaux nécessaires ?;HAB;loi n° 89-462 art. 7 e);obligation de souffrir les travaux|vérifications techniques;NOT-0082|NOT-0094;;repondre;1;;;
REF-G-40;gestionnaire;Un locataire stocke des bidons sur son balcon, quels leviers ?;Quelles prescriptions régissent l'entreposage de matières dangereuses dans les logements et sur les balcons ?;HAB;règlement sanitaire départemental|CGCT L. 2212-2;règlement sanitaire départemental|pouvoirs de police du maire;NOT-0088|NOT-0087;;orienter_corpus;2;;;
REF-G-41;gestionnaire;Je fais de la location courte durée : ça change quelque chose ?;À partir de quels seuils la location de courte durée fait-elle relever le local d'un autre régime réglementaire ?;HAB|ERP;CCH|GN 1;type d'exploitation|famille;NOT-0001|NOT-0005;;orienter_corpus;3;;;
REF-G-42;gestionnaire;Qui contrôle mes immeubles d'habitation ?;Les bâtiments d'habitation ordinaires sont-ils soumis au contrôle des commissions de sécurité ?;HAB;CGCT L. 2212-2|CCH L. 511-1 et s.;commission de sécurité|pouvoirs de police du maire;NOT-0091|NOT-0087;;signaler_absence;2;Item d'absence majeur.;;
REF-G-43;gestionnaire;Le registre de sécurité est-il obligatoire chez moi ?;La tenue d'un registre de sécurité est-elle exigée dans les bâtiments d'habitation autres que les IGH ?;HAB;—|CCH R. 143-34 (pour les ERP);registre de sécurité;NOT-0093;;signaler_absence;2;Absence + recommandation de traçabilité de fait.;;
REF-G-44;gestionnaire;Quel plan de vérifications périodiques bâtir ?;Quelles installations font l'objet de vérifications périodiques, selon quelles périodicités et par quels organismes ?;HAB;arrêté du 23/02/2018|réglementation ascenseurs|réglementation électrique;vérifications techniques|dispositif de sécurité collective (VMC gaz);NOT-0094|NOT-0053;famille_habitation;repondre;3;Corpus dispersé : la réponse doit l'expliciter.;;
REF-G-45;gestionnaire;Comment prioriser des centaines de réserves ?;Selon quels critères les observations des rapports de vérification sont-elles hiérarchisées ?;HAB;—;rapport de vérification réglementaire|vérifications techniques;NOT-0095|NOT-0094;;orienter_expertise;3;Aucune base réglementaire : méthode d'ingénierie, à qualifier comme telle.;;
REF-G-46;gestionnaire;Que dois-je pouvoir prouver et combien de temps le garder ?;Quels éléments le propriétaire doit-il produire pour justifier de l'exécution de ses obligations ?;HAB;—|droit commun de la preuve;registre de sécurité|vérifications techniques;NOT-0093|NOT-0094;;repondre;3;Intention « que dois-je pouvoir prouver » : format de réponse spécifique.;;
REF-G-47;gestionnaire;Après un incendie : relogement, délais, et puis-je reconstruire à l'identique ?;Quelles obligations de relogement incombent au propriétaire et la reconstruction à l'identique est-elle admise ?;HAB;CCH L. 521-1 et s.|code de l'urbanisme;hébergement et relogement|application aux bâtiments existants;NOT-0083|NOT-0009;date_effet;repondre;2;Question double : la réponse doit traiter les deux volets séparément.;;
REF-G-48;gestionnaire;Que faire dans les premières heures après l'incendie ?;Quelles mesures conservatoires sont prises quant à la préservation des lieux et comment s'articulent expertise et enquête ?;HAB;—|droit commun;hébergement et relogement;NOT-0083;;orienter_expertise;3;Hors corpus réglementaire incendie.;;
REF-G-49;gestionnaire;Ma responsabilité pénale peut-elle être engagée ?;Quels manquements sont susceptibles d'engager la responsabilité pénale du propriétaire ou de ses préposés ?;HAB;code pénal|CCH L. 511-1 et s.;logement décent|pouvoirs de police du maire;NOT-0080|NOT-0087;;repondre;3;Réponse à borner strictement.;;
REF-G-50;gestionnaire;Face aux incendies volontaires répétés, que dois-je faire ?;Quelles mesures de prévention et de surveillance sont regardées comme constitutives de la diligence attendue ?;HAB;—|référentiels assureurs;référentiel assureur|local d'entreposage des ordures ménagères;NOT-0076|NOT-0084;;orienter_expertise;3;Aucune base réglementaire directe.;;
